plot,crop,irrigation,et_avg,swsi,cwsi
5006,corn,0.7310167655651328,6.881205820149686,0.7357641358641357,1.0
5010,corn,0.7020585735000772,6.881205820149686,0.5144855144855147,1.0
5023,corn,0.5300090713856369,6.881205820149686,0.2137861638361641,1.0
2006,soybean,0.699614169593831,6.594488910976783,0.829170799200799,
2015,soybean,0.528105737181527,6.594488910976783,0.4055945054945057,
2023,soybean,0.44789071395011376,6.594488910976783,0.1715783216783218,
