plot,treatment,cwsi_avg,swsi_avg,final_value,recommendation
5003,2,1.1310630224933078,0.07606683158111725,0.49806530794599346,Do not irrigate
5012,2,1.2014466534314627,0.2008690245238633,0.6011000760869031,Irrigate
5018,3,0.8601690124572429,,,Irrigate
5020,3,1.2963237807164891,,,Irrigate
5007,4,,0.31811682016613513,,Do not irrigate
5009,4,,0.2599887192172906,,Do not irrigate
5027,4,,0.2800259165492042,,Do not irrigate
2009,4,,0.6378826981237941,,Irrigate
2012,4,,0.6633275327412314,,Irrigate
