plot,crop,irrigation,et_avg,swsi,cwsi
5006,corn,0.4874619184948706,4.573793049770493,0.5254743256743255,0.2070179001538795
5010,corn,0.5051810332593886,4.573793049770493,0.179487312687313,1.062427799145358
5023,corn,0.46837261118105056,4.573793049770493,0.0684316683316687,1.078741555470848
2006,soybean,0.6552509025511738,4.573793049770493,0.5634367632367633,
2015,soybean,0.48395064467866944,4.573793049770493,0.0,1.2297985508063258
2023,soybean,0.48395064467866944,4.573793049770493,0.0,1.3439645390934274
