plot,crop,irrigation,et_avg,swsi,cwsi
5006,corn,0.5696241368648268,4.573793049770493,0.5254743256743255,0.4363612211456592
5010,corn,0.45180469339251467,4.573793049770493,0.179487312687313,
5023,corn,0.46837261118105056,4.573793049770493,0.0684316683316687,1.0
2006,soybean,0.6552509025511738,4.573793049770493,0.5634367632367633,
2015,soybean,0.42222222222222194,4.573793049770493,0.0,
2023,soybean,0.42222222222222194,4.573793049770493,0.0,
