plot,crop,irrigation,et_avg,swsi,cwsi
5006,corn,0.6067098211587793,5.282584638037871,0.3706293706293704,0.6472388010772842
5010,corn,0.6212238579519542,5.282584638037871,0.4165834165834166,0.6264474178752553
5023,corn,0.06666666666666668,5.282584638037871,0.0,1.0
2006,soybean,0.6106703512520213,5.062476944786294,0.7561820465249037,0.33280447519254197
2015,soybean,0.4085079254149874,5.062476944786294,0.4239092907092904,0.10422303289767697
2023,soybean,0.3698967994613127,5.062476944786294,0.3626373626373626,0.0
